<?xml version="1.0" encoding="UTF-8"?><?xml-stylesheet type='text/xsl' href='_UpgradeReport_Files/UpgradeReport.xslt'?><UpgradeLog>
<Properties><Property Name="Solution" Value="CSharpInfoZip_ZipSample">
</Property><Property Name="Solution File" Value="C:\z\zip\zip31d30g\windll\examples\csharp\zip\CSharpInfoZip_ZipSample.sln">
</Property><Property Name="Date" Value="Tuesday, July 22, 2014">
</Property><Property Name="Time" Value="8:57:56 AM">
</Property></Properties><Event ErrorLevel="0" Project="CSharpInfoZip_ZipSample" Source="CSharpInfoZip_ZipSample.csproj" Description="Project file successfully backed up as C:\z\zip\zip31d30g\windll\examples\csharp\zip\Backup\CSharpInfoZip_ZipSample.csproj">
</Event><Event ErrorLevel="0" Project="CSharpInfoZip_ZipSample" Source="AssemblyInfo.cs" Description="File successfully backed up as C:\z\zip\zip31d30g\windll\examples\csharp\zip\Backup\AssemblyInfo.cs">
</Event><Event ErrorLevel="0" Project="CSharpInfoZip_ZipSample" Source="Form1.cs" Description="File successfully backed up as C:\z\zip\zip31d30g\windll\examples\csharp\zip\Backup\Form1.cs">
</Event><Event ErrorLevel="0" Project="CSharpInfoZip_ZipSample" Source="Zip.cs" Description="File successfully backed up as C:\z\zip\zip31d30g\windll\examples\csharp\zip\Backup\Zip.cs">
</Event><Event ErrorLevel="0" Project="CSharpInfoZip_ZipSample" Source="ZipDLLPrintMessageEventArgs.cs" Description="File successfully backed up as C:\z\zip\zip31d30g\windll\examples\csharp\zip\Backup\ZipDLLPrintMessageEventArgs.cs">
</Event><Event ErrorLevel="0" Project="CSharpInfoZip_ZipSample" Source="ZipDLLServiceMessageEventArgs.cs" Description="File successfully backed up as C:\z\zip\zip31d30g\windll\examples\csharp\zip\Backup\ZipDLLServiceMessageEventArgs.cs">
</Event><Event ErrorLevel="0" Project="CSharpInfoZip_ZipSample" Source="App.ico" Description="File successfully backed up as C:\z\zip\zip31d30g\windll\examples\csharp\zip\Backup\App.ico">
</Event><Event ErrorLevel="0" Project="CSharpInfoZip_ZipSample" Source="Form1.resx" Description="File successfully backed up as C:\z\zip\zip31d30g\windll\examples\csharp\zip\Backup\Form1.resx">
</Event><Event ErrorLevel="1" Project="CSharpInfoZip_ZipSample" Source="CSharpInfoZip_ZipSample.csproj" Description="Your project is targeting .NET Framework 2.0 or 3.0. If your project uses assemblies requiring a newer .NET Framework, your project will fail to build. You can change the .NET Framework version by clicking Properties on the project menu and then selecting a new version in the '.NET Framework' dropdown box. (In Visual Basic, this is located on the Compile tab by clicking the 'Advanced Compiler Options...' button.)">
</Event><Event ErrorLevel="0" Project="CSharpInfoZip_ZipSample" Source="CSharpInfoZip_ZipSample.csproj" Description="Project converted successfully">
</Event><Event ErrorLevel="3" Project="CSharpInfoZip_ZipSample" Source="CSharpInfoZip_ZipSample.csproj" Description="Converted">
</Event><Event ErrorLevel="0" Project="CSharpInfoZip_ZipSample" Source="CSharpInfoZip_ZipSample.csproj" Description="Scan complete: Upgrade not required for project files.">
</Event></UpgradeLog>